name	tot_cycle	tot_energy	tot_edp	tot_dram_energy	tot_mc_energy
alexnet_FF_TSV	147011303.76	10167566388.4	1.06010439065e+18	611993.972287	206667510.898
