name	tot_cycle	tot_energy	tot_edp	tot_dram_energy	tot_mc_energy
alexnet_FF_ReRAM	191129863.95	10932054828.3	1.48187386669e+18	923036.708807	422088981.172
